{"model":{"version":2,"nodes":[{"name":"RootNode","position":[0,0,0],"rotation":[0,0,0],"scale":[1,1,1],"scaleCompensation":false},{"name":"Blanket","position":[0,0,0],"rotation":[90,-0.651045,-180],"scale":[0.0317584,0.0254,0.0324921],"scaleCompensation":false}],"parents":[-1,0],"skins":[],"morphs":[],"vertices":[{"position":{"type":"float32","components":3,"data":[-8.48247,-8.06824,9.78077,-8.73709,-13.5077,9.25649,-6.85015,-8.18224,9.47994,-7.11856,-13.5827,8.84906,-5.2114,-8.3103,9.17814,-5.48471,-13.6778,8.45051,-3.55584,-8.45028,9.45855,-3.82856,-13.7865,8.07041,-1.89724,-8.58131,9.03787,-2.16158,-13.8874,8.11618,-0.227446,-8.71723,8.7667,-0.477997,-14.0136,7.79098,1.44564,-8.84785,8.54654,1.20792,-14.1275,7.50233,3.12491,-8.97943,8.45447,2.90037,-14.2546,7.38203,4.80654,-9.10973,8.43932,4.59252,-14.3757,7.32311,6.48805,-9.25151,8.52573,6.28106,-14.5215,7.39586,8.16574,-9.42629,8.27144,7.9606,-14.7018,7.12516,-8.30341,-2.50211,10.0787,-6.67008,-2.65152,9.45372,-5.03056,-2.79977,9.89932,-3.37411,-2.94581,9.44012,-1.71386,-3.08655,9.02097,-0.0431616,-3.22066,8.72827,1.63152,-3.35104,8.5001,3.31171,-3.47749,8.37836,4.9943,-3.60251,8.34782,6.67656,-3.73028,8.40041,8.35434,-3.86449,8.13433,-8.13449,3.08378,9.60282,-6.50284,2.8913,8.97999,-4.86363,2.71609,9.43422,-3.20981,2.56004,8.97017,-1.55157,2.4096,8.55672,0.11669,2.27364,8.26306,1.79015,2.14492,8.04729,3.4689,2.02263,7.93253,5.15054,1.90809,7.92843,6.83279,1.80132,7.99861,8.50933,1.70372,7.77497,-8.06838,8.53673,8.22242,-6.42296,8.30689,8.04851,-4.77577,8.11456,8.56141,-3.11164,7.96666,8.18863,-1.44446,7.82721,7.86664,0.230128,7.70579,7.67197,1.90756,7.59543,7.56753,3.587,7.49218,7.55594,5.26668,7.39939,7.66149,6.94614,7.31445,7.82112,8.61996,7.2661,7.61656,-8.03541,13.7667,4.40792,-6.36062,13.5146,4.09446,-4.68378,13.4113,4.90685,-3.00744,13.3099,3.98685,-1.33159,13.2052,4.5683,0.343403,13.093,4.43399,2.0191,12.98,4.31908,3.69603,12.8636,4.22402,5.37424,12.7345,4.15011,7.0538,12.6006,4.11269,8.73709,12.5065,4.20271,-6.36062,13.5146,4.09446,-8.1154,14.3954,0.219618,-8.03541,13.7667,4.40792,-6.56657,13.3761,-0.0482311,-4.68378,13.4113,4.90685,-4.88259,13.2369,0.797594,-3.00744,13.3099,3.98685,-3.19659,13.1831,-0.11137,-1.33159,13.2052,4.5683,-1.51127,13.1162,0.47331,0.343403,13.093,4.43399,0.17317,13.0239,0.33703,2.0191,12.98,4.31908,1.85797,12.9132,0.225054,3.69603,12.8636,4.22402,3.54403,12.7961,0.126818,5.37424,12.7345,4.15011,5.23178,12.6903,0.043787,6.92142,12.6131,-0.0219402,7.0538,12.6006,4.11269,8.73709,12.5065,4.20271,8.61113,12.563,-0.0689602,-7.67465,14.0738,-4.23837,-6.12044,13.9474,-4.41691,-4.65961,13.0433,-3.63471,-3.1067,12.7864,-3.79823,-1.54793,12.6539,-3.94463,0.0115229,12.5633,-4.07956,1.57114,12.4813,-4.1914,3.13163,12.3976,-4.29273,4.69306,12.334,-4.38342,6.25473,12.2971,-4.46621,7.81452,12.2716,-4.55268,-7.60407,14.7018,-8.71684,-6.10621,14.651,-8.89425,-4.60792,14.5421,-9.08164,-3.13111,14.0689,-9.27222,-1.6365,13.7866,-9.43214,-0.136584,13.5914,-9.57528,1.36582,13.4398,-9.69126,2.86941,13.3156,-9.79631,4.37352,13.2149,-9.89261,5.87697,13.135,-9.9827,7.37803,13.0693,-10.0787]},"normal":{"type":"float32","components":3,"data":[0.238909,-0.0718829,0.968378,0.205198,-0.113494,0.972118,0.155537,-0.0855348,0.98412,0.201933,-0.123191,0.971621,0.0558738,-0.11438,0.991865,0.104914,-0.165166,0.98067,0.103137,-0.119244,0.987494,0.0556958,-0.205589,0.977052,0.165863,-0.101772,0.980883,0.127183,-0.198341,0.971846,0.148449,-0.093141,0.984524,0.145443,-0.186826,0.971567,0.0950068,-0.0952044,0.990914,0.0886163,-0.195401,0.976712,0.0330226,-0.0952294,0.994907,0.0258718,-0.201062,0.979237,-0.0207163,-0.0939137,0.995365,-0.0295016,-0.204741,0.978372,0.0456295,-0.094792,0.994451,0.0367958,-0.210994,0.976795,0.142137,-0.104528,0.984312,0.128782,-0.214031,0.9683,0.318574,0.0197189,0.947693,0.0821818,0.0176843,0.996461,0.00868893,0.00937377,0.999918,0.203494,0.0189872,0.978892,0.210202,0.0367115,0.976968,0.153865,0.0397115,0.987293,0.102707,0.0424442,0.993806,0.0425888,0.0451662,0.998071,-0.0100587,0.0471592,0.998837,0.0583978,0.044511,0.997301,0.151784,0.0402288,0.987595,0.30906,0.134836,0.941436,0.0260649,0.135984,0.990368,0.00402098,0.120145,0.992748,0.250647,0.104203,0.962454,0.201247,0.0980553,0.97462,0.142257,0.0910219,0.985636,0.0892344,0.0824372,0.992593,0.0268404,0.0732502,0.996952,-0.0268915,0.0633515,0.997629,0.0454962,0.0521954,0.9976,0.138399,0.045826,0.989316,0.231826,0.408796,0.88269,-0.0187976,0.409131,0.912282,0.0181557,0.367571,0.929818,0.21027,0.363072,0.907725,0.121642,0.343263,0.931329,0.118812,0.316804,0.94102,0.0760688,0.310342,0.947577,0.0273117,0.3093,0.950572,-0.0150297,0.31219,0.949901,0.0309342,0.30284,0.952539,0.0930075,0.310214,0.946106,0.311384,0.823287,0.474592,0.14075,0.913456,0.381821,0.0503198,0.839295,0.541343,0.0992429,0.937142,0.334539,0.0588418,0.856457,0.512853,0.0961111,0.872832,0.478464,0.0820114,0.873796,0.479328,0.0649977,0.877798,0.4746,0.0473736,0.883155,0.466682,0.0458994,0.886114,0.461189,0.0536517,0.868767,0.492306,0.14075,0.913456,0.381821,0.364371,0.929869,0.050763,0.311384,0.823287,0.474592,0.293452,0.955146,0.0397719,0.0503198,0.839295,0.541343,0.103839,0.994253,-0.0260463,0.0992429,0.937142,0.334539,0.062694,0.995802,-0.0666908,0.0588418,0.856457,0.512853,0.0600394,0.996386,-0.0600825,0.0961111,0.872832,0.478464,0.0558388,0.996486,-0.0624354,0.0820114,0.873796,0.479328,0.0602036,0.996388,-0.0598885,0.0649977,0.877798,0.4746,0.0598689,0.996646,-0.0557927,0.0473736,0.883155,0.466682,0.0521962,0.997485,-0.0479558,0.0389232,0.998538,-0.0375072,0.0458994,0.886114,0.461189,0.0536517,0.868767,0.492306,0.0320273,0.999029,-0.0302421,0.230925,0.96768,0.101335,0.24358,0.960483,0.134686,0.21956,0.971046,0.0941423,0.141827,0.987416,0.0699669,0.0970662,0.994074,0.0489364,0.0749157,0.996378,0.0402418,0.068944,0.997001,0.0351555,0.0612722,0.997538,0.0341005,0.0472262,0.998269,0.0350645,0.0342883,0.998766,0.0359246,0.028945,0.99908,0.0316292,0.0744523,0.986277,0.147357,0.185083,0.96573,0.181961,0.265656,0.937358,0.225358,0.201754,0.953215,0.225117,0.129705,0.971147,0.200124,0.0978632,0.978444,0.181854,0.0827341,0.98208,0.169332,0.0701023,0.984456,0.161032,0.0543177,0.986519,0.154369,0.0421188,0.988183,0.147375,0.0380603,0.988894,0.143665]},"texCoord0":{"type":"float32","components":2,